종목코드,종목명,현재가,ADX,PSAR전환일,DI골든크로스일,SMA(단순)정배열초입일,스캔일시
068270,셀트리온,183000,17.8,2026-10-01,2026-10-06,2026-10-06,2026-10-07 17:01 (KST)
0126Z0,삼성에피스홀딩스,368000,15.7,2026-09-30,2026-10-01,2026-10-01,2026-10-07 17:01 (KST)
018880,한온시스템,3870,19.9,2026-09-30,2026-09-30,2026-10-02,2026-10-07 17:01 (KST)
450080,에코프로머티,38400,15.1,2026-10-02,2026-10-01,2026-10-02,2026-10-07 17:01 (KST)
005850,에스엘,50800,17.3,2026-10-01,2026-10-01,2026-10-02,2026-10-07 17:01 (KST)
030000,제일기획,18950,25.4,2026-09-30,2026-09-30,2026-10-02,2026-10-07 17:01 (KST)
006280,녹십자,130200,14.2,2026-10-01,2026-10-01,2026-10-06,2026-10-07 17:01 (KST)
137310,에스디바이오센서,6780,15.2,2026-10-06,2026-10-01,2026-10-02,2026-10-07 17:01 (KST)
100090,SK오션플랜트,12390,9.7,2026-10-02,2026-10-06,2026-10-07,2026-10-07 17:01 (KST)
093050,LF,23700,23.5,2026-09-30,2026-09-30,2026-10-01,2026-10-07 17:01 (KST)
005880,대한해운,2070,10.4,2026-10-02,2026-10-01,2026-10-02,2026-10-07 17:01 (KST)
317450,명인제약,43550,29.8,2026-10-01,2026-10-01,2026-10-06,2026-10-07 17:01 (KST)
014820,동원시스템즈,21950,15.5,2026-10-06,2026-10-02,2026-10-07,2026-10-07 17:01 (KST)
005420,코스모화학,11480,16.9,2026-10-02,2026-10-02,2026-10-02,2026-10-07 17:01 (KST)
306200,세아제강,149000,28.1,2026-09-30,2026-09-30,2026-09-30,2026-10-07 17:01 (KST)
031430,신세계인터내셔날,10780,12.3,2026-10-07,2026-10-07,2026-10-01,2026-10-07 17:01 (KST)
0120G0,삼양바이오팜,50000,12.2,2026-10-02,2026-09-30,2026-10-07,2026-10-07 17:01 (KST)
005610,삼립,41100,14.3,2026-09-30,2026-09-30,2026-10-06,2026-10-07 17:01 (KST)
005720,넥센,6290,33.2,2026-09-30,2026-09-30,2026-10-02,2026-10-07 17:01 (KST)
005950,이수화학,11520,12.2,2026-09-30,2026-09-30,2026-10-06,2026-10-07 17:01 (KST)
086520,에코프로,91800,14.8,2026-10-01,2026-10-01,2026-10-02,2026-10-07 17:01 (KST)
277810,레인보우로보틱스,448500,12.5,2026-10-06,2026-10-02,2026-10-06,2026-10-07 17:01 (KST)
310210,보로노이,143700,11.2,2026-10-06,2026-10-01,2026-10-07,2026-10-07 17:01 (KST)
237690,에스티팜,95900,12.3,2026-10-06,2026-10-01,2026-10-01,2026-10-07 17:01 (KST)
0009K0,에임드바이오,25550,17.6,2026-10-01,2026-10-01,2026-10-02,2026-10-07 17:01 (KST)
290650,엘앤씨바이오,57800,17.8,2026-09-30,2026-09-30,2026-10-01,2026-10-07 17:01 (KST)
491000,리브스메드,38300,20.5,2026-10-01,2026-10-01,2026-10-02,2026-10-07 17:01 (KST)
476830,알지노믹스,27850,13.6,2026-10-01,2026-10-01,2026-10-06,2026-10-07 17:01 (KST)
466100,클로봇,23150,8.1,2026-10-02,2026-10-02,2026-10-07,2026-10-07 17:01 (KST)
358570,지아이이노베이션,8900,19.1,2026-10-02,2026-10-01,2026-10-07,2026-10-07 17:01 (KST)
383310,에코프로에이치엔,25650,15.9,2026-10-01,2026-10-01,2026-10-01,2026-10-07 17:01 (KST)
174900,앱클론,26700,28.5,2026-09-30,2026-09-30,2026-10-01,2026-10-07 17:01 (KST)
099190,아이센스,16960,13.9,2026-10-01,2026-10-01,2026-10-06,2026-10-07 17:01 (KST)
278280,천보,38150,15.2,2026-10-01,2026-10-01,2026-10-07,2026-10-07 17:01 (KST)
336570,원텍,5050,14.2,2026-10-02,2026-10-02,2026-10-06,2026-10-07 17:01 (KST)
372320,큐로셀,26600,17.9,2026-10-01,2026-10-02,2026-10-06,2026-10-07 17:01 (KST)
095660,네오위즈,18010,11.3,2026-10-06,2026-10-06,2026-10-01,2026-10-07 17:01 (KST)
025320,시노펙스,3990,10.6,2026-10-01,2026-10-01,2026-10-02,2026-10-07 17:01 (KST)
084110,휴온스글로벌,23800,15.6,2026-10-01,2026-10-07,2026-10-06,2026-10-07 17:01 (KST)
